[  {    "type": "post",    "url": "/api/businessentities",    "title": "Create New Business Entity",    "name": "CreateBusinessEntity",    "group": "Business_Entities",    "version": "0.0.0",    "filename": "routes/businessEntityRoute.js",    "groupTitle": "Business_Entities"  },  {    "type": "delete",    "url": "/api/businessentities/:beId",    "title": "Delete Business Entity",    "name": "DeleteBusinessEntity",    "group": "Business_Entities",    "parameter": {      "fields": {        "Parameter": [          {            "group": "Parameter",            "type": "Number",            "optional": false,            "field": "beId",            "description": "<ul> <li>Business Entity unique ID.</li> </ul>"          }        ]      }    },    "version": "0.0.0",    "filename": "routes/businessEntityRoute.js",    "groupTitle": "Business_Entities"  },  {    "type": "get",    "url": "/api/businessentities",    "title": "Get Business Entities",    "name": "GetBusinessEntities",    "group": "Business_Entities",    "version": "0.0.0",    "filename": "routes/businessEntityRoute.js",    "groupTitle": "Business_Entities"  },  {    "type": "get",    "url": "/api/logicalunits",    "title": "Get Logical Units",    "name": "GetLogicalUnits",    "group": "Business_Entities",    "version": "0.0.0",    "filename": "routes/businessEntityRoute.js",    "groupTitle": "Business_Entities"  },  {    "type": "get",    "url": "/api/businessentity/:beId/logicalunits",    "title": "Get Logical Units of a Business Entity",    "name": "GetLogicalUnitsPerBusinessEntity",    "group": "Business_Entities",    "parameter": {      "fields": {        "Parameter": [          {            "group": "Parameter",            "type": "Number",            "optional": false,            "field": "beId",            "description": "<ul> <li>Business Entity unique ID.</li> </ul>"          }        ]      }    },    "version": "0.0.0",    "filename": "routes/businessEntityRoute.js",    "groupTitle": "Business_Entities"  },  {    "type": "get",    "url": "/api/businessentity/:beId/productCount",    "title": "Get Product Count of a Business Entity",    "name": "GetProductCountPerBusinessEntity",    "group": "Business_Entities",    "parameter": {      "fields": {        "Parameter": [          {            "group": "Parameter",            "type": "Number",            "optional": false,            "field": "beId",            "description": "<ul> <li>Business Entity unique ID.</li> </ul>"          }        ]      }    },    "version": "0.0.0",    "filename": "routes/businessEntityRoute.js",    "groupTitle": "Business_Entities"  },  {    "type": "put",    "url": "/api/businessentities/:beId",    "title": "Modify Business Entity",    "name": "ModifyBusinessEntity",    "group": "Business_Entities",    "parameter": {      "fields": {        "Parameter": [          {            "group": "Parameter",            "type": "Number",            "optional": false,            "field": "beId",            "description": "<ul> <li>Business Entity unique ID.</li> </ul>"          }        ]      }    },    "version": "0.0.0",    "filename": "routes/businessEntityRoute.js",    "groupTitle": "Business_Entities"  },  {    "type": "put",    "url": "/api/businessentity/:beId/logicalunit/:luId",    "title": "Update Logical Unit under a Business Entity",    "name": "UpdateLogicalUnitsInBusinessEntity",    "group": "Business_Entities",    "parameter": {      "fields": {        "Parameter": [          {            "group": "Parameter",            "type": "Number",            "optional": false,            "field": "beId",            "description": "<ul> <li>Business Entity unique ID.</li> </ul>"          },          {            "group": "Parameter",            "type": "Number",            "optional": false,            "field": "luId",            "description": "<ul> <li>Logical Unit ID.</li> </ul>"          }        ]      }    },    "version": "0.0.0",    "filename": "routes/businessEntityRoute.js",    "groupTitle": "Business_Entities"  },  {    "type": "get",    "url": "/api/activities/:interval",    "title": "Get activities according to a pre-defined time interval.",    "name": "GetActivities",    "group": "Dashboard",    "parameter": {      "fields": {        "Parameter": [          {            "group": "Parameter",            "type": "String",            "optional": false,            "field": "interval",            "description": "<ul> <li>Pre-Defined Time Interval: [Day, Week, Month, 3Month, Year].</li> </ul>"          }        ]      }    },    "version": "0.0.0",    "filename": "routes/dashboardRoute.js",    "groupTitle": "Dashboard"  },  {    "type": "get",    "url": "/api/numofcopiedandfailed/:interval",    "title": "Get number of copied and failed entities according to a pre-defined time interval.",    "name": "GetNumOfCopiedAndFailedEntities",    "group": "Dashboard",    "parameter": {      "fields": {        "Parameter": [          {            "group": "Parameter",            "type": "String",            "optional": false,            "field": "interval",            "description": "<ul> <li>Pre-Defined Time Interval: [Day, Week, Month, 3Month, Year].</li> </ul>"          }        ]      }    },    "version": "0.0.0",    "filename": "routes/dashboardRoute.js",    "groupTitle": "Dashboard"  },  {    "type": "get",    "url": "/api/numofprocessedentities/:interval",    "title": "Get number of processed entities according to a pre-defined time interval.",    "name": "GetNumOfProcessedEntities",    "group": "Dashboard",    "parameter": {      "fields": {        "Parameter": [          {            "group": "Parameter",            "type": "String",            "optional": false,            "field": "interval",            "description": "<ul> <li>Pre-Defined Time Interval: [Day, Week, Month, 3Month, Year].</li> </ul>"          }        ]      }    },    "version": "0.0.0",    "filename": "routes/dashboardRoute.js",    "groupTitle": "Dashboard"  },  {    "type": "get",    "url": "/api/tasksExecutionsStatus/:interval",    "title": "Get task execution status according to a pre-defined time interval.",    "name": "GetTaskExecutionStatus",    "group": "Dashboard",    "parameter": {      "fields": {        "Parameter": [          {            "group": "Parameter",            "type": "String",            "optional": false,            "field": "interval",            "description": "<ul> <li>Pre-Defined Time Interval: [Day, Week, Month, 3Month, Year].</li> </ul>"          }        ]      }    },    "version": "0.0.0",    "filename": "routes/dashboardRoute.js",    "groupTitle": "Dashboard"  },  {    "type": "get",    "url": "/api/tasksStatus/:interval",    "title": "Get task status according to a pre-defined time interval.",    "name": "GetTaskStatus",    "group": "Dashboard",    "parameter": {      "fields": {        "Parameter": [          {            "group": "Parameter",            "type": "String",            "optional": false,            "field": "interval",            "description": "<ul> <li>Pre-Defined Time Interval: [Day, Week, Month, 3Month, Year].</li> </ul>"          }        ]      }    },    "version": "0.0.0",    "filename": "routes/dashboardRoute.js",    "groupTitle": "Dashboard"  },  {    "type": "get",    "url": "/api/tasksPerBE/:interval",    "title": "Get tasks of a business entity according to a pre-defined time interval.",    "name": "GetTasksPerBE",    "group": "Dashboard",    "parameter": {      "fields": {        "Parameter": [          {            "group": "Parameter",            "type": "String",            "optional": false,            "field": "interval",            "description": "<ul> <li>Pre-Defined Time Interval: [Day, Week, Month, 3Month, Year].</li> </ul>"          }        ]      }    },    "version": "0.0.0",    "filename": "routes/dashboardRoute.js",    "groupTitle": "Dashboard"  },  {    "type": "post",    "url": "/api/dataCenter",    "title": "Create Data Center",    "name": "CreateDataCenter",    "group": "Data_Centers",    "version": "0.0.0",    "filename": "routes/dataCenterRoute.js",    "groupTitle": "Data_Centers"  },  {    "type": "delete",    "url": "/api/dataCenter/:dcId",    "title": "Delete Data Center",    "name": "DeleteDataCenter",    "group": "Data_Centers",    "parameter": {      "fields": {        "Parameter": [          {            "group": "Parameter",            "type": "Number",            "optional": false,            "field": "dcId",            "description": "<ul> <li>Data Center unique ID.</li> </ul>"          }        ]      }    },    "version": "0.0.0",    "filename": "routes/dataCenterRoute.js",    "groupTitle": "Data_Centers"  },  {    "type": "get",    "url": "/api/dataCenter/:dcId",    "title": "Get Data Center by ID",    "name": "GetDataCenterById",    "group": "Data_Centers",    "parameter": {      "fields": {        "Parameter": [          {            "group": "Parameter",            "type": "Number",            "optional": false,            "field": "dcId",            "description": "<ul> <li>Data Center unique ID.</li> </ul>"          }        ]      }    },    "version": "0.0.0",    "filename": "routes/dataCenterRoute.js",    "groupTitle": "Data_Centers"  },  {    "type": "get",    "url": "/api/dataCenters",    "title": "Get Data Centers",    "name": "GetDataCenters",    "group": "Data_Centers",    "version": "0.0.0",    "filename": "routes/dataCenterRoute.js",    "groupTitle": "Data_Centers"  },  {    "type": "get",    "url": "/api/datacenter/:dcId/envcount",    "title": "Get Environments Number Current Data Center Linked to",    "name": "GetEnvCountPerDataCenter",    "group": "Data_Centers",    "parameter": {      "fields": {        "Parameter": [          {            "group": "Parameter",            "type": "Number",            "optional": false,            "field": "dcId",            "description": "<ul> <li>Data Center unique ID.</li> </ul>"          }        ]      }    },    "version": "0.0.0",    "filename": "routes/dataCenterRoute.js",    "groupTitle": "Data_Centers"  },  {    "type": "put",    "url": "/api/dataCenter/:dcId",    "title": "Update Data Center",    "name": "UpdateDataCenter",    "group": "Data_Centers",    "parameter": {      "fields": {        "Parameter": [          {            "group": "Parameter",            "type": "Number",            "optional": false,            "field": "dcId",            "description": "<ul> <li>Data Center unique ID.</li> </ul>"          }        ]      }    },    "version": "0.0.0",    "filename": "routes/dataCenterRoute.js",    "groupTitle": "Data_Centers"  },  {    "type": "post",    "url": "/api/environment",    "title": "Create New Environment.",    "name": "CreateEnvironment",    "group": "Environments",    "version": "0.0.0",    "filename": "routes/environmentRoute.js",    "groupTitle": "Environments"  },  {    "type": "post",    "url": "/api/environment/:envId/envname/:envName/role",    "title": "Create Environment Role.",    "name": "CreateEnvironmentRole",    "group": "Environments",    "parameter": {      "fields": {        "Parameter": [          {            "group": "Parameter",            "type": "Number",            "optional": false,            "field": "envId",            "description": "<ul> <li>Environment unique ID.</li> </ul>"          },          {            "group": "Parameter",            "type": "String",            "optional": false,            "field": "envName",            "description": "<ul> <li>Environment Name.</li> </ul>"          }        ]      }    },    "version": "0.0.0",    "filename": "routes/environmentRoute.js",    "groupTitle": "Environments"  },  {    "type": "delete",    "url": "/api/environment/:envId",    "title": "Delete Environment.",    "name": "DeleteEnvironment",    "group": "Environments",    "parameter": {      "fields": {        "Parameter": [          {            "group": "Parameter",            "type": "Number",            "optional": false,            "field": "envId",            "description": "<ul> <li>Environment unique ID.</li> </ul>"          }        ]      }    },    "version": "0.0.0",    "filename": "routes/environmentRoute.js",    "groupTitle": "Environments"  },  {    "type": "delete",    "url": "/api/environment/:envId/envname/:envName/role/:roleId/rolename/:roleName",    "title": "Delete Environment Role.",    "name": "DeleteEnvironmentRole",    "group": "Environments",    "parameter": {      "fields": {        "Parameter": [          {            "group": "Parameter",            "type": "Number",            "optional": false,            "field": "envId",            "description": "<ul> <li>Environment unique ID.</li> </ul>"          },          {            "group": "Parameter",            "type": "String",            "optional": false,            "field": "envName",            "description": "<ul> <li>Environment Name.</li> </ul>"          },          {            "group": "Parameter",            "type": "Number",            "optional": false,            "field": "roleId",            "description": "<ul> <li>Role ID.</li> </ul>"          },          {            "group": "Parameter",            "type": "String",            "optional": false,            "field": "roleName",            "description": "<ul> <li>Role Name.</li> </ul>"          }        ]      }    },    "version": "0.0.0",    "filename": "routes/environmentRoute.js",    "groupTitle": "Environments"  },  {    "type": "get",    "url": "/api/environment/:envId",    "title": "Get Environment by ID.",    "name": "GetEnvironmentById",    "group": "Environments",    "parameter": {      "fields": {        "Parameter": [          {            "group": "Parameter",            "type": "Number",            "optional": false,            "field": "envId",            "description": "<ul> <li>Environment unique ID.</li> </ul>"          }        ]      }    },    "version": "0.0.0",    "filename": "routes/environmentRoute.js",    "groupTitle": "Environments"  },  {    "type": "get",    "url": "/api/environment/:envId/owners",    "title": "Get Environment Owners.",    "name": "GetEnvironmentOwners",    "group": "Environments",    "parameter": {      "fields": {        "Parameter": [          {            "group": "Parameter",            "type": "Number",            "optional": false,            "field": "envId",            "description": "<ul> <li>Environment unique ID.</li> </ul>"          }        ]      }    },    "version": "0.0.0",    "filename": "routes/environmentRoute.js",    "groupTitle": "Environments"  },  {    "type": "get",    "url": "/api/environment/:envId/roles",    "title": "Get Environment Roles.",    "name": "GetEnvironmentRoles",    "group": "Environments",    "parameter": {      "fields": {        "Parameter": [          {            "group": "Parameter",            "type": "Number",            "optional": false,            "field": "envId",            "description": "<ul> <li>Environment unique ID.</li> </ul>"          }        ]      }    },    "version": "0.0.0",    "filename": "routes/environmentRoute.js",    "groupTitle": "Environments"  },  {    "type": "get",    "url": "/api/environment/:envId/role/:roleId/users",    "title": "Get Environment Testers according to Role ID.",    "name": "GetEnvironmentTestersByRole",    "group": "Environments",    "parameter": {      "fields": {        "Parameter": [          {            "group": "Parameter",            "type": "Number",            "optional": false,            "field": "envId",            "description": "<ul> <li>Environment unique ID.</li> </ul>"          },          {            "group": "Parameter",            "type": "Number",            "optional": false,            "field": "roleId",            "description": "<ul> <li>Role ID.</li> </ul>"          }        ]      }    },    "version": "0.0.0",    "filename": "routes/environmentRoute.js",    "groupTitle": "Environments"  },  {    "type": "get",    "url": "/api/environments",    "title": "Get Environments",    "name": "GetEnvironments",    "group": "Environments",    "version": "0.0.0",    "filename": "routes/environmentRoute.js",    "groupTitle": "Environments"  },  {    "type": "get",    "url": "/api/environmentsbyuser",    "title": "Get Environments By User",    "name": "GetEnvironments_By_User",    "group": "Environments",    "version": "0.0.0",    "filename": "routes/environmentRoute.js",    "groupTitle": "Environments"  },  {    "type": "put",    "url": "/api/environment/:envId",    "title": "Modify Environment.",    "name": "ModifyEnvironment",    "group": "Environments",    "parameter": {      "fields": {        "Parameter": [          {            "group": "Parameter",            "type": "Number",            "optional": false,            "field": "envId",            "description": "<ul> <li>Environment unique ID.</li> </ul>"          }        ]      }    },    "version": "0.0.0",    "filename": "routes/environmentRoute.js",    "groupTitle": "Environments"  },  {    "type": "put",    "url": "/api/environment/:envId/envname/:envName/role/:roleId",    "title": "Modify Environment Role.",    "name": "ModifyEnvironmentRole",    "group": "Environments",    "parameter": {      "fields": {        "Parameter": [          {            "group": "Parameter",            "type": "Number",            "optional": false,            "field": "envId",            "description": "<ul> <li>Environment unique ID.</li> </ul>"          },          {            "group": "Parameter",            "type": "String",            "optional": false,            "field": "envName",            "description": "<ul> <li>Environment Name.</li> </ul>"          },          {            "group": "Parameter",            "type": "Number",            "optional": false,            "field": "roleId",            "description": "<ul> <li>Role ID.</li> </ul>"          }        ]      }    },    "version": "0.0.0",    "filename": "routes/environmentRoute.js",    "groupTitle": "Environments"  }]
